web_scraper_order,web_scraper_start_url,description,title,title2
"1774255565-1","https://www.confideleap.com/investor-relation-advisory/","","",""
"1774255565-2","https://www.confideleap.com/investor-relation-advisory/","Investor Relations Advisory","","Expertise"
"1774255565-3","https://www.confideleap.com/investor-relation-advisory/","Market Intelligence","",""
"1774255565-4","https://www.confideleap.com/investor-relation-advisory/","","",""
"1774255565-5","https://www.confideleap.com/investor-relation-advisory/","Shareholder Analysis","Shareholder Analysis: The Key To A More Successful IR Strategy",""
"1774255565-6","https://www.confideleap.com/investor-relation-advisory/","","",""
"1774255565-7","https://www.confideleap.com/investor-relation-advisory/","Targeted and Holistic Communication approach","",""
"1774255565-8","https://www.confideleap.com/investor-relation-advisory/","Additionally, we offer other value-added services to support your goals.","","As a trusted investor relations advisor, we’re committed to providing comprehensive solutions that align with your long-term objectives."
"1774255565-9","https://www.confideleap.com/investor-relation-advisory/","Your Gateway to Exceptional Investor Relations Excellence","",""
"1774255565-10","https://www.confideleap.com/investor-relation-advisory/","","Investor Relations Services",""
